{
    "0.0": {
        "precision": 0.6647727272727273,
        "recall": 0.8775,
        "f1-score": 0.7564655172413793,
        "support": 400.0
    },
    "1.0": {
        "precision": 0.6171875,
        "recall": 0.30859375,
        "f1-score": 0.4114583333333333,
        "support": 256.0
    },
    "accuracy": 0.6554878048780488,
    "macro avg": {
        "precision": 0.6409801136363636,
        "recall": 0.593046875,
        "f1-score": 0.5839619252873564,
        "support": 656.0
    },
    "weighted avg": {
        "precision": 0.6462028824833703,
        "recall": 0.6554878048780488,
        "f1-score": 0.6218285674236053,
        "support": 656.0
    }
}