,ph,Hardness,Solids,Chloramines,Sulfate,Conductivity,Organic_carbon,Trihalomethanes,Turbidity,Potability
count,2785.0,3276.0,3276.0,3276.0,2495.0,3276.0,3276.0,3114.0,3276.0,3276.0
mean,7.080794504276835,196.36949601730151,22014.092526077104,7.122276793425786,333.7757766108135,426.20511068255325,14.284970247677318,66.39629294676803,3.966786169791058,0.3901098901098901
std,1.5943195187088117,32.879761476294185,8768.570827785932,1.58308488903971,41.416840461672685,80.82406405111182,3.308161999126868,16.17500842221865,0.7803824084854116,0.4878491696702489
min,0.0,47.432,320.942611274359,0.3520000000000003,129.00000000000003,181.483753985146,2.1999999999999886,0.7379999999999995,1.45,0.0
25%,6.09309191422186,176.85053787752437,15666.69029696465,6.1274207554913,307.69949783471964,365.7344141184627,12.065801333613067,55.844535620979954,3.439710869612912,0.0
50%,7.036752103833548,196.96762686363076,20927.833606520187,7.130298973883081,333.073545745888,421.8849682800544,14.218337937208588,66.62248509808484,3.955027562993039,0.0
75%,8.06206612314847,216.66745621487073,27332.762127438615,8.114887032109028,359.9501703847443,481.7923044877282,16.557651543843434,77.33747290873062,4.50031978728511,1.0
max,13.999999999999998,323.124,61227.19600771213,13.127000000000002,481.0306423059972,753.3426195583046,28.30000000000001,124.0,6.739,1.0
